"Id","SalePrice"
1461,128121.957166667
1462,155825.8634
1463,181570.3554
1464,188087.32007619
1465,196320.243866667
1466,183804.242023809
1467,173304.436133333
1468,176549.280442857
1469,177921.546733333
1470,126105.246947619
1471,196819.901133333
1472,96200.9205396826
1473,97533.9334285715
1474,153289.359133333
1475,131930.715
1476,379142.425333333
1477,263852.411552381
1478,299754.412633333
1479,298661.972566667
1480,456894.3439
1481,314644.416066667
1482,206920.320662465
1483,184136.886566667
1484,171637.175551515
1485,177591.433166667
1486,202670.230965079
1487,331392.471466667
1488,235958.704304762
1489,209990.555566667
1490,216112.400856591
1491,190440.939425641
1492,105126.308461905
1493,174717.1493
1494,304288.52364
1495,298480.493461905
1496,230715.771407384
1497,183773.858419048
1498,154321.765603175
1499,155475.766707937
1500,163436.602326984
1501,173533.545252381
1502,157152.994971429
1503,281531.174761905
1504,234946.25674127
1505,219269.797174051
1506,183259.808266667
1507,247010.959866667
1508,184567.678133333
1509,163619.304266667
1510,150994.783433333
1511,149164.604866667
1512,170662.514571429
1513,151375.244666667
1514,159480.1053
1515,190171.921066667
1516,149863.717566667
1517,149767.0207
1518,136149.813966667
1519,214017.8253
1520,138202.965428571
1521,142408.481395238
1522,163053.53
1523,119471.395066667
1524,126228.204066667
1525,128692.631366667
1526,129028.854644444
1527,111289.0483
1528,132435.799533333
1529,146223.759895238
1530,161737.822285714
1531,128011.766033333
1532,108592.4239
1533,147571.279195238
1534,116760.4289
1535,149758.210433333
1536,118981.716428571
1537,97567.1622666667
1538,160137.069019048
1539,208311.917666667
1540,123248.307833333
1541,141545.6105
1542,140407.668033333
1543,178998.358666667
1544,94236.9387333333
1545,107675.038366667
1546,127742.219466667
1547,135914.7646
1548,130343.747833333
1549,116043.696233333
1550,141676.6758
1551,119925.578566667
1552,146617.367466667
1553,146552.8812
1554,116789.075133333
1555,177410.8328
1556,179714.720371407
1557,124860.198233333
1558,103342.8003
1559,121981.419166667
1560,148599.309933333
1561,143950.760666667
1562,129504.566385714
1563,124907.931
1564,155876.961266667
1565,155960.8496
1566,218842.3549
1567,92985.2465
1568,225055.5158
1569,142046.5903
1570,138265.9981
1571,130392.076866667
1572,142421.797733333
1573,225401.2632
1574,133573.551866667
1575,216606.019612698
1576,237180.062533333
1577,198166.576233333
1578,152236.531333333
1579,146166.738314286
1580,190475.488542857
1581,149206.611733333
1582,129238.073147619
1583,319526.079728571
1584,241050.573619048
1585,141019.691724358
1586,80534.1281333334
1587,107989.608066667
1588,144776.550466667
1589,105452.390495238
1590,134306.305333333
1591,108074.595266667
1592,129957.410733333
1593,126983.964433333
1594,148243.628333333
1595,132025.801533333
1596,221284.834433333
1597,182639.105033333
1598,191336.629933333
1599,175783.472509473
1600,182118.849569697
1601,78274.0666666667
1602,114766.4992
1603,95411.1632666667
1604,274226.573133334
1605,246713.187166667
1606,170275.679733333
1607,169751.6869
1608,217600.863847619
1609,195452.418647619
1610,169706.808561905
1611,150590.019933333
1612,175140.800480952
1613,171673.880128571
1614,123662.5806
1615,90011.7704666667
1616,84709.2380333333
1617,88997.8946333334
1618,127273.201966667
1619,137753.411666667
1620,178802.485933333
1621,145620.120433333
1622,144442.6452
1623,261733.698566667
1624,215185.180036364
1625,128437.320980952
1626,168101.0242
1627,186693.209909524
1628,268075.146833333
1629,176137.380966667
1630,326961.151533333
1631,208475.203216667
1632,249956.015116667
1633,173191.807795238
1634,186731.656133333
1635,180695.7909
1636,169845.046374603
1637,184645.076533333
1638,201739.2773
1639,185054.553519048
1640,240655.894666667
1641,183114.810033333
1642,229466.241936364
1643,229765.171833333
1644,227765.262466667
1645,186689.052290476
1646,161120.5614
1647,163082.633133333
1648,140485.4373
1649,137756.457927273
1650,125132.389817316
1651,125088.652533333
1652,94912.9290396826
1653,98176.2343730159
1654,152242.624457143
1655,148306.977166667
1656,147460.470990476
1657,152283.656623809
1658,154449.74662381
1659,137336.1106
1660,150823.415533333
1661,444041.016114286
1662,369822.02960303
1663,366195.808333333
1664,438643.703614286
1665,321815.962514286
1666,336639.494388889
1667,353543.296822222
1668,333345.5003
1669,296580.952333333
1670,345105.672666666
1671,270336.978333333
1672,448927.910033333
1673,308141.551665252
1674,255880.496433333
1675,200206.180691036
1676,198431.623666667
1677,214223.228666667
1678,444296.281266667
1679,376337.3908
1680,321142.3864
1681,252745.965229132
1682,309532.144166667
1683,193333.27085
1684,174712.908616667
1685,175544.841492857
1686,170981.074955972
1687,171117.268766667
1688,189140.988285714
1689,191057.749652381
1690,184951.490842308
1691,179388.527558974
1692,252400.048066667
1693,172338.3532
1694,184392.146866667
1695,172219.845495238
1696,271364.7328
1697,173701.395628571
1698,343152.3073
1699,333935.1332
1700,251005.222969697
1701,267769.626273333
1702,252491.07172381
1703,250548.453833333
1704,291647.468085714
1705,224791.780047619
1706,395202.6918
1707,214722.766277778
1708,214725.036452381
1709,265066.338552381
1710,221673.010079365
1711,259364.873366667
1712,255467.9275
1713,283838.902566667
1714,217497.123069289
1715,202616.365507936
1716,182711.514147619
1717,166978.0783
1718,143257.633080952
1719,205818.290960317
1720,239706.503461905
1721,171043.1092
1722,140142.3926
1723,164020.718966667
1724,214153.702709524
1725,230528.277307576
1726,193623.434633333
1727,177847.102174603
1728,187134.002933333
1729,165003.006066667
1730,162304.366333333
1731,127392.241433333
1732,132073.9386
1733,123979.094471429
1734,132367.547266667
1735,138223.778933333
1736,122452.689233333
1737,325622.0515
1738,228668.060936364
1739,278439.929036364
1740,228501.332969697
1741,192500.724887879
1742,172681.244566667
1743,173748.989985714
1744,290882.761066667
1745,231332.705233333
1746,227700.269533333
1747,210347.0787
1748,218321.2467
1749,161110.059466667
1750,148985.6322
1751,217791.7503
1752,120397.262733333
1753,149708.6173
1754,196047.3681
1755,168532.235433333
1756,128525.295966667
1757,118845.554044444
1758,145870.101666667
1759,166476.530866667
1760,161977.971633333
1761,157274.895119048
1762,173185.6574
1763,168653.127466667
1764,122654.415744444
1765,176455.051066667
1766,168873.806833333
1767,199219.721266667
1768,141907.1287
1769,163250.518452381
1770,147391.343933333
1771,138060.824566667
1772,147090.087133333
1773,142122.728833333
1774,142672.3682
1775,135418.312833333
1776,127565.828733333
1777,116153.5784
1778,139110.923333333
1779,124276.4314
1780,165820.876866667
1781,133036.7945
1782,102485.6825
1783,142332.5649
1784,107030.618133333
1785,119103.183066667
1786,162594.555266667
1787,170490.184133333
1788,82067.8854666667
1789,103319.3441
1790,95950.2239666667
1791,179475.5415
1792,153784.153333333
1793,144809.310633333
1794,144259.524885714
1795,142837.584
1796,131995.223766667
1797,124042.1869
1798,127702.999733333
1799,117154.4472
1800,132795.678152381
1801,133727.545333333
1802,143004.919366667
1803,153800.318066667
1804,142883.961133333
1805,134758.044833333
1806,121893.583133333
1807,136643.085
1808,128323.6379
1809,126777.690666667
1810,142595.680233333
1811,111012.648066667
1812,109452.0969
1813,120875.0623
1814,100438.855933333
1815,73021.623
1816,108655.738947619
1817,140856.837066667
1818,148528.861766667
1819,126362.720666667
1820,89391.3297666667
1821,120522.984433333
1822,157182.536633333
1823,65400.6689
1824,137509.885566667
1825,143529.430933333
1826,110911.126766667
1827,110174.392033333
1828,138128.1167
1829,121298.8924
1830,139904.017833333
1831,143693.147766667
1832,121209.5597
1833,147056.128333333
1834,131751.397
1835,139324.6709
1836,132784.1332
1837,107774.204733333
1838,131081.2298
1839,106490.4412
1840,162318.3174
1841,142111.971766667
1842,103474.012566667
1843,140941.593933333
1844,139954.200957143
1845,150119.980452381
1846,154211.147466667
1847,177146.972166667
1848,75253.8813
1849,122406.158495238
1850,122784.320633333
1851,152204.109933333
1852,124611.8573
1853,138312.972766667
1854,167349.212280952
1855,167343.041366667
1856,218460.088069841
1857,183548.6707
1858,150454.831795238
1859,124200.4119
1860,158082.754733333
1861,124418.995433333
1862,259100.899933333
1863,252538.6349
1864,252538.6349
1865,313361.123
1866,314876.8181
1867,240737.886233333
1868,276770.536842857
1869,199909.150747619
1870,236109.095433333
1871,238933.380766667
1872,172607.313030403
1873,226331.242679365
1874,138920.294683983
1875,199151.592496273
1876,195517.787857143
1877,213360.623579365
1878,212054.319888889
1879,131883.2542
1880,135005.460933333
1881,253786.000452381
1882,249160.8949
1883,201835.483677778
1884,216932.160992064
1885,240359.497255556
1886,272435.154476191
1887,205825.85972381
1888,278838.073533333
1889,172223.843266667
1890,131389.757966667
1891,142696.446548485
1892,110379.405944444
1893,132034.375266667
1894,130870.331633333
1895,144247.843333333
1896,126016.714233333
1897,126856.448466667
1898,125952.173233333
1899,161385.700366667
1900,152664.1225
1901,168259.472666667
1902,150698.128195238
1903,208088.8001
1904,150785.109
1905,189002.080866667
1906,160423.4691
1907,204056.638433333
1908,126487.561206349
1909,139180.391566667
1910,129734.578533333
1911,195792.829533333
1912,279398.851366667
1913,160764.0425
1914,74926.0667333333
1915,319007.9046
1916,179714.720371407
1917,247538.220566667
1918,139734.302166667
1919,157945.926666667
1920,168926.466466667
1921,372335.886066667
1922,317148.9581
1923,207598.659242857
1924,220283.638369697
1925,224874.897301443
1926,359992.732533333
1927,137385.146757143
1928,163221.7979
1929,125214.673633333
1930,139406.7465
1931,146396.596495238
1932,144665.712666667
1933,178746.571233333
1934,181826.422180952
1935,178163.854395238
1936,188564.441266667
1937,183496.077271429
1938,181278.711952381
1939,251429.6531
1940,194794.175955556
1941,178325.480185714
1942,189456.624842857
1943,195630.3144
1944,323611.391598586
1945,364584.741933333
1946,179714.720371407
1947,299732.393133333
1948,174853.427933333
1949,229795.925157143
1950,174237.9165
1951,246051.934833333
1952,222943.061933333
1953,172582.0452
1954,189574.807409524
1955,148426.590933333
1956,272653.773133333
1957,169281.335590476
1958,293115.819433333
1959,147469.0804
1960,118432.717077778
1961,122873.183980952
1962,94871.0239063492
1963,102873.816739683
1964,114801.578066667
1965,148825.302266667
1966,146382.722033333
1967,293654.406
1968,404940.849033333
1969,376869.386866667
1970,416030.925333333
1971,397767.050933333
1972,342260.331422222
1973,280095.27514
1974,320225.782255555
1975,431146.069466667
1976,279278.954666667
1977,344353.452184127
1978,351276.921880952
1979,334648.253633333
1980,201147.716742857
1981,335603.805422222
1982,232683.323661905
1983,221959.347061905
1984,169592.168852381
1985,214574.229667227
1986,210924.632457703
1987,176760.420588745
1988,180373.88262326
1989,192020.497720879
1990,219941.861759524
1991,216242.142452381
1992,206499.821938095
1993,175851.565545238
1994,229194.986866667
1995,182456.164619048
1996,256142.97684
1997,313290.795733333
1998,350608.362666667
1999,257942.099669697
2000,299959.07054303
2001,282571.818609697
2002,242178.543857143
2003,253629.714152381
2004,272292.409666667
2005,224406.805622222
2006,222342.156047619
2007,245840.008433333
2008,210384.065714286
2009,196145.431346276
2010,191167.024225641
2011,147299.4595
2012,177189.850633333
2013,182545.4069
2014,193370.3401
2015,197424.919033333
2016,197865.51873199
2017,198784.8919
2018,126428.353466667
2019,133841.333666667
2020,122563.026966667
2021,116708.534966667
2022,182496.706733333
2023,148574.912166667
2024,255540.64314303
2025,336549.1031
2026,184367.203036364
2027,158768.868855556
2028,160415.624579365
2029,175301.805033333
2030,272823.5588
2031,220151.209755556
2032,241926.771247619
2033,259052.5851
2034,168453.216271429
2035,205580.016728571
2036,185544.848133333
2037,187799.911233333
2038,282435.600966667
2039,216835.03992381
2040,312927.3998
2041,270580.412
2042,207229.132598268
2043,165886.955866667
2044,177886.8756
2045,207801.263033333
2046,148136.5388
2047,152294.2351
2048,137350.865666667
2049,136739.143933333
2050,174791.917638095
2051,113653.006190476
2052,135638.721866667
2053,143407.766428571
2054,93884.9223666667
2055,160482.848652381
2056,140294.2567
2057,127441.3568
2058,215924.377833333
2059,139153.652328571
2060,159297.288533333
2061,166150.4085
2062,137671.515466667
2063,121674.588433333
2064,141777.930633333
2065,124535.398966667
2066,169255.614633333
2067,136797.802733333
2068,143730.867966667
2069,90555.9883666667
2070,112747.375833333
2071,104263.752014286
2072,139313.4665
2073,140097.911766667
2074,171883.409985714
2075,146059.419333333
2076,122578.9711
2077,149969.281961905
2078,130438.562266667
2079,134062.095414286
2080,121403.806944444
2081,127278.9027
2082,134705.666966667
2083,142223.0107
2084,113039.651311111
2085,133424.323928571
2086,126574.421666667
2087,125495.431733333
2088,110271.4104
2089,92762.7448666666
2090,136146.913633333
2091,121583.6659
2092,131002.845533333
2093,134771.6209
2094,129652.5518
2095,145551.8068
2096,93296.7132666667
2097,105962.163233333
2098,138680.7604
2099,69944.7150666666
2100,120166.281966667
2101,128794.225166667
2102,130317.715233333
2103,105714.3022
2104,131773.441033333
2105,133018.048366667
2106,91165.1364
2107,193090.477266667
2108,114252.294366667
2109,115174.818433333
2110,133785.8045
2111,148227.7153
2112,140887.8652
2113,123563.8241
2114,118803.2308
2115,150202.97
2116,118210.053033333
2117,144438.190733333
2118,126616.771666667
2119,113346.165733333
2120,119436.6649
2121,179714.720371407
2122,105945.3353
2123,99995.3774333334
2124,160190.334933333
2125,130458.354366667
2126,159340.618366667
2127,147074.6607
2128,130563.877333333
2129,111697.970880952
2130,139089.760066667
2131,155366.072533333
2132,121973.9499
2133,119104.484966667
2134,126915.444733333
2135,105867.869414286
2136,104245.785233333
2137,125881.3403
2138,139683.535847619
2139,151304.663966667
2140,135705.3725
2141,142097.74932381
2142,132829.193333333
2143,141511.791466667
2144,138018.068052381
2145,135055.6515
2146,149996.928014286
2147,178518.728133333
2148,135466.839566667
2149,146777.216219048
2150,202466.677366667
2151,116223.9048
2152,179714.720371407
2153,160645.909233333
2154,113447.993033333
2155,134699.031733333
2156,259047.26995
2157,230359.901022222
2158,231999.848566667
2159,205819.18735
2160,173932.223533333
2161,250208.933385714
2162,381965.9927
2163,333547.039966667
2164,243779.610495238
2165,190756.278533333
2166,144286.610366522
2167,208712.671619048
2168,206259.387466667
2169,195409.670455555
2170,220601.424211111
2171,148035.2458
2172,141464.0638
2173,167512.788366667
2174,236293.77559127
2175,286906.9612
2176,304943.915228571
2177,253372.355083333
2178,215652.173415873
2179,143384.150398528
2180,225734.383166667
2181,193363.659422222
2182,224777.3195
2183,195344.165952381
2184,133560.7602
2185,132531.1892
2186,145807.7829
2187,145154.6512
2188,149327.816133333
2189,179714.720371407
2190,91523.9783333333
2191,96408.1465666666
2192,99181.7312
2193,111015.7708
2194,110591.4022
2195,113304.9615
2196,113769.902866667
2197,119381.942
2198,151109.441633333
2199,168460.293033333
2200,148089.641066667
2201,148522.701633333
2202,188868.907
2203,167945.649466667
2204,180797.371
2205,129135.601766667
2206,142532.829566667
2207,211264.7678
2208,233061.9016
2209,213295.9001
2210,128947.691206349
2211,113725.107466667
2212,115589.780666667
2213,107149.269766667
2214,143287.7203
2215,104609.4121
2216,145278.6071
2217,179714.720371407
2218,96529.5200333333
2219,91460.0363666667
2220,92031.0498
2221,319121.3724
2222,259199.13293913
2223,259708.410361905
2224,217290.687636364
2225,146054.810066667
2226,189166.431633333
2227,200836.860848485
2228,269074.955133333
2229,240825.776866667
2230,167568.590128571
2231,218971.551333333
2232,191617.455690476
2233,186339.280266667
2234,238644.438366667
2235,226216.69422381
2236,274073.449171429
2237,341264.662438095
2238,200376.511509524
2239,123535.884780952
2240,160313.651674603
2241,152470.021728571
2242,134210.596633333
2243,127604.122066667
2244,95160.3078571429
2245,98216.1197238095
2246,147297.173433333
2247,111957.339733333
2248,125736.072928571
2249,127856.786366667
2250,134493.51
2251,179714.720371407
2252,173550.307333333
2253,167189.622628571
2254,177457.370833333
2255,190581.86477619
2256,180145.652966667
2257,207906.850080952
2258,172329.812074603
2259,180505.843804762
2260,161473.913685714
2261,189297.970793507
2262,211465.325466667
2263,340404.635825252
2264,415598.090166667
2265,172860.720633333
2266,272908.382333333
2267,351010.700433333
2268,372463.091333333
2269,160638.572433333
2270,179614.107766667
2271,215922.2093
2272,203817.472433333
2273,169273.2803
2274,173438.741990476
2275,173761.376866667
2276,177233.475766667
2277,190025.905333333
2278,151112.502966667
2279,127738.787152381
2280,121339.740077778
2281,176262.249588889
2282,183269.3446
2283,98927.6612
2284,119118.970066667
2285,146794.754766667
2286,129830.976266667
2287,341331.081622222
2288,277366.532395238
2289,387022.351366666
2290,412318.178980952
2291,327914.972409697
2292,399098.134533333
2293,442272.631280953
2294,377001.941247619
2295,435805.333133333
2296,287180.2642
2297,316370.183766667
2298,333966.761933333
2299,381369.021614285
2300,322026.136458586
2301,290695.728228571
2302,257306.941057143
2303,248975.694823809
2304,261246.281852381
2305,192780.260243723
2306,195961.33861039
2307,196762.900541036
2308,220779.879138889
2309,276718.878733333
2310,228814.022095238
2311,197459.209584687
2312,183179.75607619
2313,177545.832269048
2314,176405.5818
2315,174783.103382784
2316,208795.433266667
2317,182107.717633333
2318,177212.495290476
2319,175302.159804212
2320,178897.4553
2321,237771.260733333
2322,171946.484966667
2323,178008.175666667
2324,174585.264166667
2325,216753.367177778
2326,172157.982333333
2327,214871.219288095
2328,219425.067690909
2329,183966.808952381
2330,179824.355404762
2331,348768.4392
2332,360091.630533333
2333,322817.404920491
2334,266750.982696061
2335,260570.169206667
2336,320712.858831602
2337,209567.351014286
2338,278561.590933333
2339,232250.269855556
2340,366331.909766667
2341,226384.199425253
2342,234714.242922222
2343,222310.746874051
2344,238554.58370303
2345,239912.240419048
2346,215943.575830952
2347,203814.161164286
2348,232653.112185714
2349,185050.736966667
2350,280889.2249
2351,267926.5149
2352,244447.401704762
2353,267951.378236364
2354,138183.111566667
2355,154012.603533333
2356,156834.552669697
2357,200231.799950794
2358,203903.862266667
2359,133085.7994
2360,123174.788333333
2361,138086.510833333
2362,257058.4551
2363,140733.005433333
2364,156370.5936
2365,213106.38417619
2366,190184.232957143
2367,227333.508266667
2368,204938.720733333
2369,226937.8178
2370,175200.836866667
2371,173725.713366667
2372,200832.602595238
2373,258035.105933333
2374,283522.378283333
2375,243835.710766667
2376,271243.928833333
2377,317121.745266667
2378,151704.647714286
2379,203267.362666667
2380,151866.153133333
2381,162528.654533333
2382,195492.9832
2383,207954.530112698
2384,232085.105585714
2385,162107.985233333
2386,144740.2532
2387,136866.359766667
2388,113771.251166667
2389,135444.051047619
2390,145292.997066667
2391,136692.786109524
2392,119678.776877778
2393,161788.762966667
2394,143078.769466667
2395,187065.2832
2396,147841.190166667
2397,193108.969
2398,130671.394733333
2399,79737.8522921569
2400,72983.5483
2401,116513.455533333
2402,135857.621766667
2403,137232.9783
2404,152263.4234
2405,159322.602666667
2406,133808.467333333
2407,129899.1894
2408,139672.745266667
2409,136129.162666667
2410,164476.178
2411,124948.173633333
2412,152363.442966667
2413,137859.3226
2414,141608.253066667
2415,133015.992333333
2416,127703.468466667
2417,129558.076366667
2418,128504.8493
2419,131955.217066667
2420,128640.970666667
2421,147032.270666667
2422,115593.979566667
2423,130889.256080952
2424,153554.0462
2425,221332.205833333
2426,132613.328633333
2427,139095.639033333
2428,164334.9555
2429,115280.580768254
2430,131627.951233333
2431,132086.259833333
2432,138386.309233333
2433,146451.701433333
2434,144436.603266667
2435,152950.1229
2436,114248.812366667
2437,114253.037533333
2438,126706.4889
2439,114711.1719
2440,120898.269266667
2441,106947.0428
2442,106342.272466667
2443,119742.740433333
2444,128944.397933333
2445,98698.5721666667
2446,138078.783866667
2447,191661.036266667
2448,145722.4018
2449,117083.074
2450,141699.793866667
2451,133120.0019
2452,188409.376733333
2453,101298.918166667
2454,133476.046133333
2455,117404.660333333
2456,132268.103866667
2457,127140.2267
2458,121475.668733333
2459,113376.550266667
2460,136642.4616
2461,121384.841233333
2462,132053.677366667
2463,122860.738192157
2464,161593.874633333
2465,137268.609966667
2466,124122.1399
2467,142662.620333333
2468,104896.7448
2469,96458.7457333333
2470,176405.837466667
2471,179551.9401
2472,166604.912133333
2473,121254.029166667
2474,179714.720371407
2475,190561.816166667
2476,120878.731033333
2477,132100.430966667
2478,160538.3773
2479,124621.648
2480,150243.1142
2481,126624.215233333
2482,133115.099219048
2483,118798.34712381
2484,126681.2753
2485,130356.457966667
2486,156590.6346
2487,189035.8873
2488,143379.895033333
2489,153201.997066667
2490,179714.720371407
2491,105471.088633333
2492,189927.119766667
2493,151847.357366667
2494,159603.1588
2495,101192.076461905
2496,225356.614866667
2497,144925.727666667
2498,120674.249066667
2499,106255.823733333
2500,134401.522066667
2501,135635.3278
2502,137836.873166667
2503,110564.4625
2504,188423.812633333
2505,218623.173888889
2506,253212.188866667
2507,296913.7355
2508,256165.901552381
2509,225299.9803
2510,224881.402361905
2511,185881.631266667
2512,212109.832522222
2513,216426.399133333
2514,232468.007166667
2515,153386.778757143
2516,174112.422866667
2517,135411.530828571
2518,145131.160566667
2519,226844.630042857
2520,205821.614452381
2521,196598.620887302
2522,220439.204419047
2523,130874.150157143
2524,145093.966866667
2525,149609.3512
2526,145242.471766667
2527,123098.8369
2528,129438.383447619
2529,136542.845422078
2530,136200.9474
2531,250951.609822222
2532,227460.236348052
2533,201250.787953968
2534,230508.216066667
2535,275374.581233333
2536,227895.621466667
2537,218460.766336508
2538,180308.619825641
2539,186412.761452381
2540,181259.045833333
2541,178611.941192308
2542,174875.797864286
2543,127603.296066667
2544,127098.703406349
2545,132682.4635
2546,134804.481866667
2547,135475.106633333
2548,153037.885533333
2549,158278.653428571
2550,347303.803666667
2551,144164.789740642
2552,122489.697333333
2553,93750.2847
2554,120185.478
2555,111969.1755
2556,105865.790833333
2557,119035.0746
2558,160114.453933333
2559,148758.2589
2560,145361.330933333
2561,143083.301566667
2562,143468.073633333
2563,157214.3655
2564,184349.7609
2565,147641.145433333
2566,170408.4352
2567,143700.6951
2568,189265.3682
2569,192018.332033333
2570,127571.767261905
2571,204148.727233333
2572,157492.6121
2573,208223.948533333
2574,268293.652342857
2575,127989.9118
2576,133602.741047619
2577,179714.720371407
2578,100121.709566667
2579,86302.6971666666
2580,137998.2852
2581,129880.127
2582,123299.147866667
2583,280403.2849
2584,166289.243819048
2585,197568.808128571
2586,207146.029783983
2587,190263.0654
2588,140956.470952381
2589,145591.976233333
2590,212778.692952381
2591,216711.138833333
2592,229432.843838889
2593,260553.557666667
2594,179324.6736
2595,203003.863714286
2596,333744.6308
2597,196810.597288889
2598,261658.27745303
2599,316039.5517
2600,165379.811633333
2601,144723.702488745
2602,87458.4637333334
2603,91237.0375904762
2604,90009.911
2605,88883.0082333334
2606,151412.1797
2607,173899.803
2608,192340.415966667
2609,161782.8277
2610,117695.8052
2611,148803.617866667
2612,155812.867833333
2613,127964.9462
2614,124285.187328571
2615,148082.863933333
2616,140402.734733333
2617,174173.414733333
2618,175799.713133333
2619,193421.7615
2620,185586.4555
2621,184996.605957143
2622,189521.239304762
2623,247929.594933333
2624,283847.527733333
2625,306460.4114
2626,168137.657311111
2627,175272.493055556
2628,404820.053933333
2629,469730.727866667
2630,336374.441576364
2631,439598.4963
2632,388330.16494
2633,295190.1731
2634,384326.4803
2635,157744.501966667
2636,192347.507233333
2637,170218.043266667
2638,253750.15630303
2639,183986.1783
2640,158770.472466667
2641,113653.759411111
2642,192257.072657143
2643,112048.826333333
2644,138651.996433333
2645,101472.888439683
2646,92856.5333730159
2647,101580.437928571
2648,140766.843233333
2649,140194.616833333
2650,144008.471333333
2651,147506.454990476
2652,427190.1859
2653,263015.512671429
2654,275967.8334
2655,374470.018066667
2656,325723.008706667
2657,315863.591633333
2658,281872.745773333
2659,300618.679676364
2660,325683.838866666
2661,352531.680055556
2662,352705.156688889
2663,297894.098833333
2664,274392.7269
2665,314711.915266667
2666,286367.201814286
2667,171366.760937546
2668,176716.545020879
2669,177913.666366667
2670,275625.5767
2671,177769.604787546
2672,186096.53858961
2673,206981.333364943
2674,208183.894866531
2675,166797.835118182
2676,187669.795185714
2677,199469.137942857
2678,255119.59245
2679,283489.414955556
2680,283296.439551111
2681,373121.852
2682,325698.96294303
2683,483188.6877
2684,304402.482406667
2685,333821.71724
2686,261245.0328
2687,308047.8703
2688,229800.853722222
2689,206906.011466667
2690,405114.674066667
2691,201613.214252381
2692,142304.488666667
2693,194682.507466667
2694,142265.9733
2695,191656.786666667
2696,183876.235644689
2697,193438.966552381
2698,203245.130833333
2699,183401.716704762
2700,170100.562361905
2701,165162.599766667
2702,123888.6691
2703,130296.163333333
2704,142821.052766667
2705,128491.57212381
2706,121973.868828571
2707,128093.419933333
2708,135744.796533333
2709,114817.001933333
2710,129843.686590476
2711,270123.9284
2712,344246.272533333
2713,176237.397263348
2714,151988.453255556
2715,172054.519466667
2716,157380.45060303
2717,193031.578533333
2718,241096.7903
2719,160578.836361905
2720,164227.048252381
2721,142002.6248
2722,159538.275833333
2723,143658.3582
2724,129787.865366667
2725,136909.280666667
2726,145301.302919048
2727,170239.932766667
2728,163816.464333333
2729,154466.036366667
2730,143593.1316
2731,120530.479
2732,124056.817733333
2733,161775.612
2734,150859.9966
2735,132929.650266667
2736,149437.6596
2737,124400.540266667
2738,137480.555533333
2739,162104.1986
2740,131115.987566667
2741,150355.141166667
2742,153403.526066667
2743,147618.990952381
2744,146689.1285
2745,137265.157033333
2746,134302.016566667
2747,151862.836466667
2748,133628.730593939
2749,132933.553166667
2750,135841.050433333
2751,132095.859133333
2752,211273.305466667
2753,148534.560833333
2754,212651.094766667
2755,134941.274533333
2756,107667.951766667
2757,93237.7140190476
2758,96247.1199
2759,149088.4803
2760,141928.939
2761,146549.1546
2762,146295.567866667
2763,179412.310866667
2764,165596.6506
2765,230764.387066667
2766,144781.638533333
2767,93879.0574380953
2768,135696.547633333
2769,135497.597966667
2770,146952.961
2771,118803.544066667
2772,124300.531933333
2773,166811.418666667
2774,134935.3142
2775,129317.675266667
2776,136804.352433333
2777,141115.0402
2778,114846.2444
2779,140207.2976
2780,104462.175966667
2781,100935.400966667
2782,102009.785833333
2783,110619.752966667
2784,125277.6593
2785,141399.6375
2786,80947.4899
2787,119434.076033333
2788,92925.2977666666
2789,166143.034433333
2790,101737.250233333
2791,116806.594333333
2792,79516.0805
2793,161546.166933333
2794,113236.770466667
2795,121345.847933333
2796,106135.9708
2797,187467.039866667
2798,122949.353666667
2799,121725.652933333
2800,88173.2715
2801,114121.7949
2802,133198.4419
2803,160442.7709
2804,141851.849228571
2805,102955.534095238
2806,101216.147466667
2807,149050.262033333
2808,147531.3021
2809,135556.945657143
2810,135750.7178
2811,159461.670333333
2812,146443.730666667
2813,152534.717833333
2814,154589.008466667
2815,110466.346133333
2816,230328.036433333
2817,157094.5909
2818,132229.445219048
2819,174128.110261905
2820,138762.517711111
2821,116697.809233333
2822,181921.148066667
2823,257341.441066667
2824,172905.402633333
2825,149177.763933333
2826,129207.284366667
2827,136693.115333333
2828,238384.084933333
2829,202397.592466667
2830,234245.587077778
2831,189851.166985714
2832,244997.79027619
2833,280434.6353
2834,216133.7722
2835,217148.200603175
2836,191626.8398
2837,169478.5519
2838,145918.280911111
2839,184230.221885714
2840,190870.68302381
2841,202889.476033333
2842,223860.2961
2843,153989.923533333
2844,164021.305
2845,125757.182066667
2846,210834.630753968
2847,199438.065371428
2848,207459.3984
2849,212411.732754762
2850,274861.9437
2851,231064.341195238
2852,229546.682393651
2853,232778.37394329
2854,141127.915972243
2855,203564.313260317
2856,209654.476453968
2857,188046.379866667
2858,200499.0295
2859,136153.420766667
2860,128749.147933333
2861,133211.7967
2862,189634.301036752
2863,125650.280566667
2864,237282.12207619
2865,142590.804415152
2866,135634.934047619
2867,99742.3021619048
2868,121235.342066667
2869,125721.96
2870,149050.603233333
2871,105446.7688
2872,71965.2416
2873,114326.311033333
2874,141114.191866667
2875,124456.504066667
2876,158221.379133333
2877,139349.641033333
2878,172882.574566667
2879,140211.078933333
2880,114830.424166667
2881,159866.7384
2882,165054.703666667
2883,185108.9397
2884,187426.139933333
2885,182445.772966667
2886,202966.385466667
2887,104021.0866
2888,125790.317566667
2889,69321.6663666666
2890,90714.7719
2891,140088.3392
2892,68758.7502
2893,109907.345
2894,73025.7134333333
2895,301938.3802
2896,276461.375133333
2897,184029.679966667
2898,150497.098188889
2899,213991.230309524
2900,157283.976488889
2901,197531.034766667
2902,200307.363411905
2903,330978.698
2904,345366.6768
2905,179714.720371407
2906,192999.327085714
2907,116190.670466667
2908,129284.726366667
2909,149348.7545
2910,83397.0418333333
2911,87308.0676666667
2912,153129.445233333
2913,89198.072
2914,85974.4044
2915,86835.2962333333
2916,87188.6280333334
2917,162475.650133333
2918,120875.033333333
2919,215799.462088745
